,class,confidence,label,xmax,xmin,ymax,ymin
0,0,0.020713521167635918,head,167,145,367,344
1,0,0.052678316831588745,head,763,718,379,332
2,0,0.2953410744667053,head,584,536,363,314
3,0,0.30116891860961914,head,430,384,357,313
4,0,0.4025435745716095,head,837,774,384,311
