,class,confidence,label,xmax,xmin,ymax,ymin
0,16,0.878700315952301,dog,203,8,478,191
1,7,0.6659045219421387,truck,523,303,159,68
2,2,0.3944818675518036,car,514,312,158,70
3,1,0.40819138288497925,bicycle,400,44,432,92
